categoria,nome_produto,slug_produto,imagem_principal,galeria_01,galeria_02,galeria_03,observacao
Linhas,Linha Chilena,linha-chilena,/assets/products/linha-chilena/principal.jpg,/assets/products/linha-chilena/galeria-01.jpg,/assets/products/linha-chilena/galeria-02.jpg,/assets/products/linha-chilena/galeria-03.jpg,Principal com fallback para /assets/products/placeholder.jpg; galeria exibida somente quando houver arquivo válido.
Linhas,Linha Indonésia,linha-indonesia,/assets/products/linha-indonesia/principal.jpg,/assets/products/linha-indonesia/galeria-01.jpg,/assets/products/linha-indonesia/galeria-02.jpg,/assets/products/linha-indonesia/galeria-03.jpg,Principal com fallback para /assets/products/placeholder.jpg; galeria exibida somente quando houver arquivo válido.
Linhas,Linha Vera Cruz,linha-vera-cruz,/assets/products/linha-vera-cruz/principal.jpg,/assets/products/linha-vera-cruz/galeria-01.jpg,/assets/products/linha-vera-cruz/galeria-02.jpg,/assets/products/linha-vera-cruz/galeria-03.jpg,Principal com fallback para /assets/products/placeholder.jpg; galeria exibida somente quando houver arquivo válido.
Linhas,Linha Ultra,linha-ultra,/assets/products/linha-ultra/principal.jpg,/assets/products/linha-ultra/galeria-01.jpg,/assets/products/linha-ultra/galeria-02.jpg,/assets/products/linha-ultra/galeria-03.jpg,Principal com fallback para /assets/products/placeholder.jpg; galeria exibida somente quando houver arquivo válido.
Linhas,Linha Bold,linha-bold,/assets/products/linha-bold/principal.jpg,/assets/products/linha-bold/galeria-01.jpg,/assets/products/linha-bold/galeria-02.jpg,/assets/products/linha-bold/galeria-03.jpg,Principal com fallback para /assets/products/placeholder.jpg; galeria exibida somente quando houver arquivo válido.
Linhas,Linha Circulo,linha-circulo,/assets/products/linha-circulo/principal.jpg,/assets/products/linha-circulo/galeria-01.jpg,/assets/products/linha-circulo/galeria-02.jpg,/assets/products/linha-circulo/galeria-03.jpg,Principal com fallback para /assets/products/placeholder.jpg; galeria exibida somente quando houver arquivo válido.
Linhas,Linha Pro Combate,linha-pro-combate,/assets/products/linha-pro-combate/principal.jpg,/assets/products/linha-pro-combate/galeria-01.jpg,/assets/products/linha-pro-combate/galeria-02.jpg,/assets/products/linha-pro-combate/galeria-03.jpg,Principal com fallback para /assets/products/placeholder.jpg; galeria exibida somente quando houver arquivo válido.
Pipas,Mucha,mucha,/assets/products/mucha/principal.jpg,/assets/products/mucha/galeria-01.jpg,/assets/products/mucha/galeria-02.jpg,/assets/products/mucha/galeria-03.jpg,Principal com fallback para /assets/products/placeholder.jpg; galeria exibida somente quando houver arquivo válido.
Pipas,Mucha Mucha,mucha-mucha,/assets/products/mucha-mucha/principal.jpg,/assets/products/mucha-mucha/galeria-01.jpg,/assets/products/mucha-mucha/galeria-02.jpg,/assets/products/mucha-mucha/galeria-03.jpg,Principal com fallback para /assets/products/placeholder.jpg; galeria exibida somente quando houver arquivo válido.
Pipas,Charuto,charuto,/assets/products/charuto/principal.jpg,/assets/products/charuto/galeria-01.jpg,/assets/products/charuto/galeria-02.jpg,/assets/products/charuto/galeria-03.jpg,Principal com fallback para /assets/products/placeholder.jpg; galeria exibida somente quando houver arquivo válido.
Pipas,Cachorro Louco,cachorro-louco,/assets/products/cachorro-louco/principal.jpg,/assets/products/cachorro-louco/galeria-01.jpg,/assets/products/cachorro-louco/galeria-02.jpg,/assets/products/cachorro-louco/galeria-03.jpg,Principal com fallback para /assets/products/placeholder.jpg; galeria exibida somente quando houver arquivo válido.
Pipas,Vanda,vanda,/assets/products/vanda/principal.jpg,/assets/products/vanda/galeria-01.jpg,/assets/products/vanda/galeria-02.jpg,/assets/products/vanda/galeria-03.jpg,Principal com fallback para /assets/products/placeholder.jpg; galeria exibida somente quando houver arquivo válido.
Pipas,GT,gt,/assets/products/gt/principal.jpg,/assets/products/gt/galeria-01.jpg,/assets/products/gt/galeria-02.jpg,/assets/products/gt/galeria-03.jpg,Principal com fallback para /assets/products/placeholder.jpg; galeria exibida somente quando houver arquivo válido.
Pipas,Come Rato,come-rato,/assets/products/come-rato/principal.jpg,/assets/products/come-rato/galeria-01.jpg,/assets/products/come-rato/galeria-02.jpg,/assets/products/come-rato/galeria-03.jpg,Principal com fallback para /assets/products/placeholder.jpg; galeria exibida somente quando houver arquivo válido.
Pipas,Briti,briti,/assets/products/briti/principal.jpg,/assets/products/briti/galeria-01.jpg,/assets/products/briti/galeria-02.jpg,/assets/products/briti/galeria-03.jpg,Principal com fallback para /assets/products/placeholder.jpg; galeria exibida somente quando houver arquivo válido.
Pipas,Latão,latao,/assets/products/latao/principal.jpg,/assets/products/latao/galeria-01.jpg,/assets/products/latao/galeria-02.jpg,/assets/products/latao/galeria-03.jpg,Principal com fallback para /assets/products/placeholder.jpg; galeria exibida somente quando houver arquivo válido.
Pipas,Carrapeto,carrapeto,/assets/products/carrapeto/principal.jpg,/assets/products/carrapeto/galeria-01.jpg,/assets/products/carrapeto/galeria-02.jpg,/assets/products/carrapeto/galeria-03.jpg,Principal com fallback para /assets/products/placeholder.jpg; galeria exibida somente quando houver arquivo válido.
Carretilhas,Carretilhas Madeira,carretilhas-madeira,/assets/products/carretilhas-madeira/principal.jpg,/assets/products/carretilhas-madeira/galeria-01.jpg,/assets/products/carretilhas-madeira/galeria-02.jpg,/assets/products/carretilhas-madeira/galeria-03.jpg,Principal com fallback para /assets/products/placeholder.jpg; galeria exibida somente quando houver arquivo válido.
Carretilhas,Carretilhas Plástico,carretilhas-plastico,/assets/products/carretilhas-plastico/principal.jpg,/assets/products/carretilhas-plastico/galeria-01.jpg,/assets/products/carretilhas-plastico/galeria-02.jpg,/assets/products/carretilhas-plastico/galeria-03.jpg,Principal com fallback para /assets/products/placeholder.jpg; galeria exibida somente quando houver arquivo válido.
Carretilhas,Latas,latas,/assets/products/latas/principal.jpg,/assets/products/latas/galeria-01.jpg,/assets/products/latas/galeria-02.jpg,/assets/products/latas/galeria-03.jpg,Principal com fallback para /assets/products/placeholder.jpg; galeria exibida somente quando houver arquivo válido.
Folhas,Folhas de cores,folhas-cores,/assets/products/folhas-cores/principal.jpg,/assets/products/folhas-cores/galeria-01.jpg,/assets/products/folhas-cores/galeria-02.jpg,/assets/products/folhas-cores/galeria-03.jpg,Principal com fallback para /assets/products/placeholder.jpg; galeria exibida somente quando houver arquivo válido.
Folhas,Folhas desenhadas,folhas-desenhadas,/assets/products/folhas-desenhadas/principal.jpg,/assets/products/folhas-desenhadas/galeria-01.jpg,/assets/products/folhas-desenhadas/galeria-02.jpg,/assets/products/folhas-desenhadas/galeria-03.jpg,Principal com fallback para /assets/products/placeholder.jpg; galeria exibida somente quando houver arquivo válido.
Folhas,Folhas Corte e Recorte,folhas-corte-recorte,/assets/products/folhas-corte-recorte/principal.jpg,/assets/products/folhas-corte-recorte/galeria-01.jpg,/assets/products/folhas-corte-recorte/galeria-02.jpg,/assets/products/folhas-corte-recorte/galeria-03.jpg,Principal com fallback para /assets/products/placeholder.jpg; galeria exibida somente quando houver arquivo válido.
Folhas,Folhas laminadas,folhas-laminadas,/assets/products/folhas-laminadas/principal.jpg,/assets/products/folhas-laminadas/galeria-01.jpg,/assets/products/folhas-laminadas/galeria-02.jpg,/assets/products/folhas-laminadas/galeria-03.jpg,Principal com fallback para /assets/products/placeholder.jpg; galeria exibida somente quando houver arquivo válido.
Fibras,Fibra,fibra,/assets/products/fibra/principal.jpg,/assets/products/fibra/galeria-01.jpg,/assets/products/fibra/galeria-02.jpg,/assets/products/fibra/galeria-03.jpg,Principal com fallback para /assets/products/placeholder.jpg; galeria exibida somente quando houver arquivo válido.
Bambu,Bambu,bambu,/assets/products/bambu/principal.jpg,/assets/products/bambu/galeria-01.jpg,/assets/products/bambu/galeria-02.jpg,/assets/products/bambu/galeria-03.jpg,Principal com fallback para /assets/products/placeholder.jpg; galeria exibida somente quando houver arquivo válido.
Formas para fabricar pipas,Forma para fabricar pipas,forma-fabricar,/assets/products/forma-fabricar/principal.jpg,/assets/products/forma-fabricar/galeria-01.jpg,/assets/products/forma-fabricar/galeria-02.jpg,/assets/products/forma-fabricar/galeria-03.jpg,Principal com fallback para /assets/products/placeholder.jpg; galeria exibida somente quando houver arquivo válido.
Colas,Cola,cola,/assets/products/cola/principal.jpg,/assets/products/cola/galeria-01.jpg,/assets/products/cola/galeria-02.jpg,/assets/products/cola/galeria-03.jpg,Principal com fallback para /assets/products/placeholder.jpg; galeria exibida somente quando houver arquivo válido.
Rabiolas,Rabiola (500m),rabiola-500m,/assets/products/rabiola-500m/principal.jpg,/assets/products/rabiola-500m/galeria-01.jpg,/assets/products/rabiola-500m/galeria-02.jpg,/assets/products/rabiola-500m/galeria-03.jpg,Principal com fallback para /assets/products/placeholder.jpg; galeria exibida somente quando houver arquivo válido.
